日期,销量,单价
2014-01-01,303,105
2014-01-02,400,105
2014-01-03,373,105
2014-01-04,321,102
2014-01-05,387,101
2014-01-06,409,101
2014-01-07,364,102
2014-01-08,426,103
2014-01-09,351,101
2014-01-10,411,104
2014-01-11,364,103
2014-01-12,364,101
2014-01-13,459,104
2014-01-14,378,105
2014-01-15,458,104
2014-01-16,384,101
2014-01-17,460,104
2014-01-18,416,103
2014-01-19,394,102
2014-01-20,488,104
2014-01-21,422,103
2014-01-22,442,101
2014-01-23,499,104
2014-01-24,484,104
2014-01-25,511,102
2014-01-26,505,105
2014-01-27,493,103
2014-01-28,507,101
2014-01-29,491,102
2014-01-30,525,103
2014-01-31,542,103
2014-02-01,477,103
2014-02-02,499,101
2014-02-03,527,104
2014-02-04,498,102
2014-02-05,488,102
2014-02-06,480,105
2014-02-07,546,101
2014-02-08,589,101
2014-02-09,543,103
2014-02-10,558,104
2014-02-11,557,104
2014-02-12,607,105
2014-02-13,517,105
2014-02-14,581,102
2014-02-15,548,101
2014-02-16,546,102
2014-02-17,611,103
2014-02-18,620,102
2014-02-19,617,103
2014-02-20,619,103
2014-02-21,622,101
2014-02-22,612,104
2014-02-23,656,103
2014-02-24,663,101
2014-02-25,576,102
2014-02-26,654,104
2014-02-27,608,103
2014-02-28,648,102
2014-03-01,619,101
2014-03-02,633,102
2014-03-03,640,104
2014-03-04,687,101
2014-03-05,628,103
2014-03-06,682,105
2014-03-07,625,102
2014-03-08,651,103
2014-03-09,697,101
2014-03-10,732,101
2014-03-11,692,105
2014-03-12,689,103
2014-03-13,679,102
2014-03-14,736,102
2014-03-15,759,105
2014-03-16,731,105
2014-03-17,737,105
2014-03-18,712,101
2014-03-19,717,104
2014-03-20,709,103
2014-03-21,725,104
2014-03-22,735,104
2014-03-23,759,104
2014-03-24,766,101
2014-03-25,788,105
2014-03-26,780,101
2014-03-27,733,105
2014-03-28,789,103
2014-03-29,754,102
2014-03-30,817,105
2014-03-31,825,103
2014-04-01,775,103
2014-04-02,756,102
2014-04-03,857,104
2014-04-04,842,104
2014-04-05,797,102
2014-04-06,874,102
2014-04-07,874,102
2014-04-08,868,102
2014-04-09,801,103
2014-04-10,842,103
2014-04-11,857,105
2014-04-12,892,101
2014-04-13,869,102
2014-04-14,818,102
2014-04-15,845,104
2014-04-16,862,103
2014-04-17,919,103
2014-04-18,920,103
2014-04-19,865,101
2014-04-20,875,102
2014-04-21,876,104
2014-04-22,881,103
2014-04-23,956,102
2014-04-24,908,102
2014-04-25,960,104
2014-04-26,903,104
2014-04-27,917,104
2014-04-28,919,102
2014-04-29,899,101
2014-04-30,949,105
2014-05-01,942,102
2014-05-02,909,105
2014-05-03,997,105
2014-05-04,936,101
2014-05-05,941,105
2014-05-06,1006,102
2014-05-07,949,103
2014-05-08,978,104
2014-05-09,1030,103
2014-05-10,995,104
2014-05-11,1000,103
2014-05-12,1040,102
2014-05-13,1009,105
2014-05-14,1013,103
2014-05-15,982,103
2014-05-16,1038,104
2014-05-17,1077,104
2014-05-18,987,103
2014-05-19,1043,102
2014-05-20,1060,102
2014-05-21,1007,105
2014-05-22,1067,102
2014-05-23,1108,102
2014-05-24,1096,105
2014-05-25,1051,105
2014-05-26,1093,101
2014-05-27,1093,104
2014-05-28,1115,105
2014-05-29,1100,103
2014-05-30,1113,101
2014-05-31,1138,104
2014-06-01,1086,104
2014-06-02,1092,103
2014-06-03,1077,101
2014-06-04,1128,102
2014-06-05,1088,105
2014-06-06,1111,103
2014-06-07,1126,102
2014-06-08,1171,103
2014-06-09,1151,105
2014-06-10,1133,105
2014-06-11,1147,105
2014-06-12,1150,105
2014-06-13,1214,105
2014-06-14,1142,101
2014-06-15,1152,105
2014-06-16,1212,105
2014-06-17,1177,103
2014-06-18,1213,103
2014-06-19,1206,105
2014-06-20,1245,102
2014-06-21,1186,102
2014-06-22,1203,104
2014-06-23,1212,103
2014-06-24,1257,102
2014-06-25,1196,101
2014-06-26,1186,102
2014-06-27,1259,105
2014-06-28,1225,102
2014-06-29,1219,102
2014-06-30,1222,103
2014-07-01,1232,103
2014-07-02,1216,104
2014-07-03,1230,102
2014-07-04,1294,105
2014-07-05,1313,104
2014-07-06,1250,105
2014-07-07,1308,103
2014-07-08,1296,101
2014-07-09,1273,101
2014-07-10,1295,105
2014-07-11,1335,102
2014-07-12,1317,103
2014-07-13,1343,101
2014-07-14,1320,101
2014-07-15,1298,102
2014-07-16,1378,104
2014-07-17,1375,104
2014-07-18,1376,105
2014-07-19,1324,103
2014-07-20,1319,105
2014-07-21,1326,101
2014-07-22,1372,101
2014-07-23,1390,103
2014-07-24,1404,103
2014-07-25,1386,103
2014-07-26,1399,102
2014-07-27,1374,102
2014-07-28,1381,105
2014-07-29,1373,102
2014-07-30,1411,105
2014-07-31,1454,104
2014-08-01,1428,101
2014-08-02,1392,103
2014-08-03,1388,103
2014-08-04,1471,104
2014-08-05,1385,105
2014-08-06,1433,104
2014-08-07,1395,101
2014-08-08,1445,105
2014-08-09,1410,102
2014-08-10,1415,103
2014-08-11,1439,102
2014-08-12,1495,103
2014-08-13,1462,105
2014-08-14,1522,102
2014-08-15,1454,105
2014-08-16,1450,101
2014-08-17,1447,102
2014-08-18,1468,102
2014-08-19,1541,103
2014-08-20,1466,104
2014-08-21,1494,105
2014-08-22,1525,104
2014-08-23,1532,104
2014-08-24,1569,105
2014-08-25,1499,105
2014-08-26,1569,101
2014-08-27,1549,103
2014-08-28,1578,104
2014-08-29,1533,105
2014-08-30,1581,102
2014-08-31,1600,102
2014-09-01,1581,104
2014-09-02,1570,105
2014-09-03,1618,105
2014-09-04,1584,105
2014-09-05,1569,103
2014-09-06,1558,101
2014-09-07,1638,103
2014-09-08,1550,105
2014-09-09,1570,101
2014-09-10,1567,101
2014-09-11,1590,103
2014-09-12,1578,101
2014-09-13,1612,102
2014-09-14,1647,102
2014-09-15,1603,104
2014-09-16,1621,102
2014-09-17,1667,102
2014-09-18,1677,102
2014-09-19,1648,103
2014-09-20,1705,103
2014-09-21,1690,104
2014-09-22,1709,104
2014-09-23,1720,101
2014-09-24,1691,103
2014-09-25,1704,104
2014-09-26,1694,101
2014-09-27,1715,103
2014-09-28,1735,105
2014-09-29,1735,102
2014-09-30,1748,104
2014-10-01,1695,105
2014-10-02,1696,101
2014-10-03,1685,104
2014-10-04,1750,101
2014-10-05,1766,102
2014-10-06,1691,104
2014-10-07,1773,105
2014-10-08,1707,101
2014-10-09,1747,103
2014-10-10,1724,105
2014-10-11,1810,101
2014-10-12,1785,105
2014-10-13,1802,102
2014-10-14,1766,102
2014-10-15,1807,103
2014-10-16,1770,104
2014-10-17,1842,102
2014-10-18,1805,104
2014-10-19,1790,101
2014-10-20,1841,105
2014-10-21,1794,104
2014-10-22,1826,105
2014-10-23,1861,101
2014-10-24,1851,102
2014-10-25,1841,101
2014-10-26,1838,101
2014-10-27,1892,105
2014-10-28,1879,105
2014-10-29,1851,105
2014-10-30,1904,105
2014-10-31,1833,104
2014-11-01,1908,103
2014-11-02,1851,101
2014-11-03,1923,101
2014-11-04,1893,105
2014-11-05,1921,102
2014-11-06,1887,101
2014-11-07,1913,102
2014-11-08,1879,105
2014-11-09,1922,102
2014-11-10,1936,103
2014-11-11,1936,104
2014-11-12,1909,104
2014-11-13,1944,103
2014-11-14,1973,101
2014-11-15,1900,103
2014-11-16,1900,104
2014-11-17,1920,104
2014-11-18,1989,103
2014-11-19,1950,103
2014-11-20,1962,101
2014-11-21,1961,105
2014-11-22,1936,102
2014-11-23,1987,101
2014-11-24,1937,101
2014-11-25,2024,101
2014-11-26,2031,101
2014-11-27,2009,101
2014-11-28,2026,105
2014-11-29,2043,105
2014-11-30,2042,102
2014-12-01,2056,104
2014-12-02,2054,101
2014-12-03,2015,102
2014-12-04,2022,104
2014-12-05,2006,102
2014-12-06,2004,101
2014-12-07,2075,102
2014-12-08,2103,104
2014-12-09,2067,102
2014-12-10,2078,105
2014-12-11,2113,102
2014-12-12,2058,101
2014-12-13,2035,104
2014-12-14,2052,105
2014-12-15,2132,101
2014-12-16,2071,104
2014-12-17,2062,101
2014-12-18,2057,104
2014-12-19,2115,104
2014-12-20,2122,105
2014-12-21,2102,105
2014-12-22,2144,102
2014-12-23,2154,105
2014-12-24,2089,101
2014-12-25,2108,103
2014-12-26,2139,105
2014-12-27,2156,103
2014-12-28,2158,104
2014-12-29,2136,101
2014-12-30,2118,104
2014-12-31,2218,102
2015-01-01,2219,101
2015-01-02,2222,102
2015-01-03,2185,101
2015-01-04,2156,105
2015-01-05,2180,103
2015-01-06,2243,105
2015-01-07,2223,101
2015-01-08,2233,104
2015-01-09,2206,105
2015-01-10,2257,102
2015-01-11,2220,105
2015-01-12,2184,103
2015-01-13,2273,102
2015-01-14,2196,105
2015-01-15,2248,102
2015-01-16,2271,102
2015-01-17,2279,105
2015-01-18,2270,104
2015-01-19,2260,104
2015-01-20,2247,104
2015-01-21,2236,102
2015-01-22,2306,104
2015-01-23,2284,101
2015-01-24,2324,103
2015-01-25,2333,104
2015-01-26,2296,103
2015-01-27,2267,105
2015-01-28,2340,101
2015-01-29,2267,105
2015-01-30,2289,103
2015-01-31,2316,105
2015-02-01,2369,105
2015-02-02,2311,103
2015-02-03,2346,101
2015-02-04,2359,103
2015-02-05,2319,102
2015-02-06,2388,101
2015-02-07,2393,103
2015-02-08,2410,101
2015-02-09,2402,101
2015-02-10,2350,103
2015-02-11,2331,102
2015-02-12,2345,102
2015-02-13,2352,104
2015-02-14,2348,102
2015-02-15,2402,104
2015-02-16,2373,101
2015-02-17,2387,105
2015-02-18,2369,101
2015-02-19,2415,105
2015-02-20,2388,102
2015-02-21,2388,105
2015-02-22,2467,104
2015-02-23,2418,103
2015-02-24,2485,103
2015-02-25,2472,104
2015-02-26,2407,105
2015-02-27,2472,101
2015-02-28,2470,105
2015-03-01,2499,102
2015-03-02,2522,102
2015-03-03,2468,101
2015-03-04,2468,102
2015-03-05,2473,101
2015-03-06,2504,105
2015-03-07,2458,102
2015-03-08,2507,104
2015-03-09,2483,103
2015-03-10,2499,102
2015-03-11,2566,103
2015-03-12,2541,103
2015-03-13,2538,103
2015-03-14,2485,102
2015-03-15,2507,101
2015-03-16,2539,105
2015-03-17,2579,103
2015-03-18,2583,101
2015-03-19,2521,105
2015-03-20,2571,105
2015-03-21,2532,103
2015-03-22,2571,104
2015-03-23,2600,101
2015-03-24,2545,104
2015-03-25,2619,102
2015-03-26,2616,102
2015-03-27,2559,105
2015-03-28,2600,104
2015-03-29,2560,103
2015-03-30,2616,101
2015-03-31,2595,104
2015-04-01,2602,103
2015-04-02,2628,101
2015-04-03,2595,104
2015-04-04,2657,104
2015-04-05,2694,104
2015-04-06,2657,105
2015-04-07,2646,102
2015-04-08,2689,105
2015-04-09,2649,101
2015-04-10,2650,102
2015-04-11,2665,103
2015-04-12,2717,101
2015-04-13,2645,102
2015-04-14,2670,105
2015-04-15,2660,102
2015-04-16,2733,104
2015-04-17,2680,102
2015-04-18,2746,101
2015-04-19,2762,101
2015-04-20,2728,103
2015-04-21,2751,104
2015-04-22,2751,104
2015-04-23,2784,105
2015-04-24,2746,101
2015-04-25,2737,105
2015-04-26,2724,101
2015-04-27,2721,104
2015-04-28,2785,103
2015-04-29,2716,102
2015-04-30,2790,102
2015-05-01,2733,104
2015-05-02,2789,102
2015-05-03,2790,102
2015-05-04,2803,102
2015-05-05,2760,102
2015-05-06,2818,101
2015-05-07,2820,102
2015-05-08,2804,105
2015-05-09,2804,103
2015-05-10,2814,102
2015-05-11,2812,101
2015-05-12,2821,104
2015-05-13,2872,103
2015-05-14,2801,103
2015-05-15,2823,101
2015-05-16,2817,103
2015-05-17,2896,102
2015-05-18,2857,101
2015-05-19,2829,102
2015-05-20,2837,101
2015-05-21,2854,105
2015-05-22,2912,104
2015-05-23,2924,103
2015-05-24,2860,101
2015-05-25,2883,105
2015-05-26,2870,104
2015-05-27,2875,102
2015-05-28,2900,102
2015-05-29,2878,103
2015-05-30,2929,103
2015-05-31,2955,103
2015-06-01,2937,101
2015-06-02,2947,103
2015-06-03,2969,102
2015-06-04,2895,101
2015-06-05,2954,105
2015-06-06,2976,102
2015-06-07,2929,105
2015-06-08,2966,101
2015-06-09,2999,105
2015-06-10,2939,104
2015-06-11,2975,101
2015-06-12,2977,105
2015-06-13,3022,104
2015-06-14,2999,104
2015-06-15,3006,103
2015-06-16,3009,105
2015-06-17,2973,105
2015-06-18,2987,105
2015-06-19,2995,105
2015-06-20,3067,103
2015-06-21,3046,103
2015-06-22,3001,104
2015-06-23,3063,101
2015-06-24,2996,104
2015-06-25,3055,104
2015-06-26,3096,104
2015-06-27,3091,104
2015-06-28,3057,102
2015-06-29,3047,102
2015-06-30,3121,104
2015-07-01,3030,102
2015-07-02,3110,102
2015-07-03,3060,103
2015-07-04,3096,104
2015-07-05,3148,103
2015-07-06,3077,104
2015-07-07,3094,102
2015-07-08,3146,104
2015-07-09,3119,104
2015-07-10,3162,103
2015-07-11,3151,104
2015-07-12,3156,104
2015-07-13,3103,105
2015-07-14,3136,105
2015-07-15,3181,102
2015-07-16,3126,101
2015-07-17,3162,105
2015-07-18,3185,101
2015-07-19,3166,102
2015-07-20,3162,105
2015-07-21,3162,103
2015-07-22,3143,101
2015-07-23,3209,104
2015-07-24,3163,101
2015-07-25,3179,101
2015-07-26,3157,103
2015-07-27,3245,105
2015-07-28,3251,102
2015-07-29,3180,105
2015-07-30,3248,104
2015-07-31,3198,104
2015-08-01,3273,104
2015-08-02,3269,102
2015-08-03,3265,105
2015-08-04,3278,104
2015-08-05,3211,105
2015-08-06,3283,105
2015-08-07,3276,105
2015-08-08,3221,102
2015-08-09,3249,105
2015-08-10,3244,104
2015-08-11,3291,104
2015-08-12,3319,101
2015-08-13,3322,102
2015-08-14,3251,103
2015-08-15,3291,104
2015-08-16,3324,103
2015-08-17,3341,102
2015-08-18,3285,104
2015-08-19,3306,103
2015-08-20,3366,101
2015-08-21,3359,104
2015-08-22,3333,101
2015-08-23,3382,101
2015-08-24,3355,102
2015-08-25,3315,101
2015-08-26,3389,101
2015-08-27,3357,102
2015-08-28,3394,101
2015-08-29,3351,103
2015-08-30,3378,105
2015-08-31,3400,105
2015-09-01,3364,101
2015-09-02,3412,105
2015-09-03,3416,103
2015-09-04,3399,102
2015-09-05,3445,104
2015-09-06,3404,104
2015-09-07,3404,102
2015-09-08,3409,103
2015-09-09,3455,103
2015-09-10,3430,105
2015-09-11,3402,105
2015-09-12,3457,102
2015-09-13,3488,105
2015-09-14,3453,104
2015-09-15,3499,105
2015-09-16,3481,105
2015-09-17,3426,102
2015-09-18,3445,101
2015-09-19,3492,101
2015-09-20,3446,101
2015-09-21,3448,103
2015-09-22,3457,105
2015-09-23,3452,101
2015-09-24,3468,105
2015-09-25,3515,105
2015-09-26,3561,103
2015-09-27,3552,104
2015-09-28,3500,101
2015-09-29,3550,102
2015-09-30,3498,102
2015-10-01,3522,101
2015-10-02,3498,102
2015-10-03,3568,104
2015-10-04,3598,105
2015-10-05,3598,103
2015-10-06,3527,103
2015-10-07,3585,102
2015-10-08,3583,105
2015-10-09,3605,101
2015-10-10,3628,104
2015-10-11,3608,104
2015-10-12,3592,104
2015-10-13,3581,105
2015-10-14,3600,102
2015-10-15,3636,102
2015-10-16,3575,105
2015-10-17,3654,102
2015-10-18,3664,102
2015-10-19,3641,105
2015-10-20,3639,101
2015-10-21,3623,105
2015-10-22,3674,101
2015-10-23,3647,104
2015-10-24,3622,101
2015-10-25,3700,102
2015-10-26,3675,104
2015-10-27,3641,101
2015-10-28,3689,102
2015-10-29,3639,101
2015-10-30,3646,102
2015-10-31,3672,103
2015-11-01,3668,104
2015-11-02,3694,104
2015-11-03,3679,104
2015-11-04,3741,104
2015-11-05,3687,102
2015-11-06,3696,101
2015-11-07,3750,105
2015-11-08,3746,102
2015-11-09,3753,102
2015-11-10,3693,103
2015-11-11,3787,103
2015-11-12,3782,101
2015-11-13,3754,105
2015-11-14,3786,103
2015-11-15,3733,103
2015-11-16,3787,102
2015-11-17,3782,101
2015-11-18,3813,105
2015-11-19,3805,101
2015-11-20,3781,101
2015-11-21,3814,104
2015-11-22,3817,102
2015-11-23,3757,101
2015-11-24,3781,104
2015-11-25,3829,104
2015-11-26,3804,102
2015-11-27,3825,102
2015-11-28,3816,102
2015-11-29,3875,104
2015-11-30,3829,102
2015-12-01,3813,104
2015-12-02,3842,104
2015-12-03,3814,105
2015-12-04,3874,102
2015-12-05,3853,103
2015-12-06,3889,101
2015-12-07,3919,103
2015-12-08,3893,102
2015-12-09,3886,102
2015-12-10,3923,103
2015-12-11,3866,103
2015-12-12,3935,105
2015-12-13,3919,104
2015-12-14,3902,104
2015-12-15,3908,105
2015-12-16,3880,105
2015-12-17,3877,101
2015-12-18,3909,103
2015-12-19,3902,103
2015-12-20,3897,105
2015-12-21,3922,103
2015-12-22,3991,101
2015-12-23,4003,105
2015-12-24,3978,105
2015-12-25,3939,105
2015-12-26,3927,104
2015-12-27,4012,102
2015-12-28,3965,103
2015-12-29,3944,102
2015-12-30,4013,105
2015-12-31,3977,105
2016-01-01,4049,105
2016-01-02,3982,101
2016-01-03,3962,105
2016-01-04,4030,104
2016-01-05,4000,105
2016-01-06,4055,104
2016-01-07,4019,105
2016-01-08,4014,104
2016-01-09,3999,102
2016-01-10,4079,105
2016-01-11,4040,103
2016-01-12,4028,103
2016-01-13,4095,101
2016-01-14,4100,104
2016-01-15,4033,102
2016-01-16,4054,102
2016-01-17,4030,104
2016-01-18,4075,105
2016-01-19,4092,104
2016-01-20,4051,102
2016-01-21,4120,105
2016-01-22,4075,103
2016-01-23,4098,103
2016-01-24,4081,105
2016-01-25,4070,103
2016-01-26,4116,103
2016-01-27,4133,104
2016-01-28,4131,101
2016-01-29,4117,101
2016-01-30,4117,105
2016-01-31,4115,104
2016-02-01,4181,101
2016-02-02,4204,102
2016-02-03,4214,105
2016-02-04,4130,101
2016-02-05,4214,103
2016-02-06,4158,102
2016-02-07,4221,101
2016-02-08,4214,101
2016-02-09,4200,101
2016-02-10,4170,101
2016-02-11,4239,101
2016-02-12,4174,101
2016-02-13,4234,101
2016-02-14,4200,101
2016-02-15,4216,101
2016-02-16,4215,104
2016-02-17,4274,104
2016-02-18,4232,105
2016-02-19,4217,102
2016-02-20,4237,105
2016-02-21,4285,104
2016-02-22,4255,105
2016-02-23,4242,102
2016-02-24,4295,105
2016-02-25,4303,101
2016-02-26,4239,103
2016-02-27,4326,101
2016-02-28,4253,104
2016-02-29,4316,102
2016-03-01,4331,104
2016-03-02,4261,104
2016-03-03,4290,104
2016-03-04,4307,101
2016-03-05,4363,103
2016-03-06,4289,103
2016-03-07,4297,103
2016-03-08,4310,101
2016-03-09,4339,102
2016-03-10,4389,101
2016-03-11,4389,104
2016-03-12,4397,105
2016-03-13,4329,104
2016-03-14,4319,103
2016-03-15,4395,103
2016-03-16,4351,105
2016-03-17,4347,103
2016-03-18,4384,103
2016-03-19,4412,102
2016-03-20,4350,105
2016-03-21,4438,104
2016-03-22,4386,104
2016-03-23,4432,105
2016-03-24,4427,105
2016-03-25,4421,103
2016-03-26,4383,102
2016-03-27,4465,103
2016-03-28,4477,105
2016-03-29,4475,101
2016-03-30,4417,104
2016-03-31,4450,105
2016-04-01,4492,104
2016-04-02,4429,104
2016-04-03,4432,101
2016-04-04,4427,104
2016-04-05,4495,102
2016-04-06,4450,103
2016-04-07,4523,103
2016-04-08,4456,105
2016-04-09,4542,102
2016-04-10,4477,103
2016-04-11,4468,104
2016-04-12,4527,105
2016-04-13,4495,104
2016-04-14,4546,102
2016-04-15,4569,103
2016-04-16,4509,104
2016-04-17,4531,104
2016-04-18,4553,104
2016-04-19,4566,102
2016-04-20,4562,103
2016-04-21,4581,103
2016-04-22,4579,101
2016-04-23,4586,103
2016-04-24,4618,105
2016-04-25,4535,103
2016-04-26,4583,103
2016-04-27,4620,104
2016-04-28,4584,105
2016-04-29,4550,101
2016-04-30,4593,104
2016-05-01,4624,105
2016-05-02,4569,105
2016-05-03,4662,104
2016-05-04,4630,102
2016-05-05,4599,103
2016-05-06,4628,102
2016-05-07,4664,102
2016-05-08,4613,101
2016-05-09,4672,101
2016-05-10,4685,105
2016-05-11,4681,102
2016-05-12,4668,104
2016-05-13,4676,102
2016-05-14,4697,102
2016-05-15,4715,102
2016-05-16,4671,104
2016-05-17,4710,101
2016-05-18,4644,102
2016-05-19,4673,102
2016-05-20,4726,102
2016-05-21,4704,101
2016-05-22,4675,101
2016-05-23,4674,105
2016-05-24,4722,105
2016-05-25,4772,101
2016-05-26,4767,104
2016-05-27,4708,104
2016-05-28,4750,102
2016-05-29,4745,102
2016-05-30,4787,105
2016-05-31,4777,101
2016-06-01,4715,104
2016-06-02,4742,102
2016-06-03,4729,101
2016-06-04,4798,102
2016-06-05,4732,105
2016-06-06,4797,101
2016-06-07,4799,105
2016-06-08,4764,103
2016-06-09,4789,105
2016-06-10,4789,101
2016-06-11,4836,101
2016-06-12,4799,103
2016-06-13,4824,105
2016-06-14,4820,102
2016-06-15,4803,103
2016-06-16,4812,101
2016-06-17,4833,101
2016-06-18,4844,103
2016-06-19,4896,102
2016-06-20,4842,103
2016-06-21,4884,101
2016-06-22,4871,105
2016-06-23,4916,103
2016-06-24,4886,103
2016-06-25,4853,104
2016-06-26,4916,105
2016-06-27,4880,101
2016-06-28,4903,105
2016-06-29,4933,105
2016-06-30,4901,105
2016-07-01,4906,104
2016-07-02,4907,101
2016-07-03,4885,101
2016-07-04,4875,104
2016-07-05,4937,101
2016-07-06,4962,103
2016-07-07,4943,101
2016-07-08,4929,104
2016-07-09,4987,103
2016-07-10,4913,105
2016-07-11,4922,103
2016-07-12,4984,102
2016-07-13,4962,104
2016-07-14,4990,102
2016-07-15,4945,104
2016-07-16,4976,105
2016-07-17,4974,101
2016-07-18,4988,104
2016-07-19,5006,101
2016-07-20,5004,104
2016-07-21,4977,104
2016-07-22,5064,103
2016-07-23,5008,104
2016-07-24,5000,103
2016-07-25,5075,104
2016-07-26,5008,101
2016-07-27,5087,104
2016-07-28,5085,102
2016-07-29,5049,102
2016-07-30,5099,101
2016-07-31,5095,103
2016-08-01,5052,101
2016-08-02,5073,101
2016-08-03,5092,101
2016-08-04,5065,104
2016-08-05,5063,103
2016-08-06,5059,105
2016-08-07,5123,104
2016-08-08,5105,104
2016-08-09,5120,104
2016-08-10,5074,105
2016-08-11,5156,101
2016-08-12,5113,101
2016-08-13,5161,103
2016-08-14,5170,105
2016-08-15,5131,103
2016-08-16,5155,101
2016-08-17,5102,103
2016-08-18,5154,101
2016-08-19,5115,102
2016-08-20,5147,104
2016-08-21,5123,104
2016-08-22,5136,103
2016-08-23,5190,105
2016-08-24,5137,105
2016-08-25,5210,102
2016-08-26,5158,105
2016-08-27,5243,103
2016-08-28,5183,105
2016-08-29,5185,104
2016-08-30,5196,102
2016-08-31,5224,102
2016-09-01,5264,102
2016-09-02,5212,102
2016-09-03,5238,105
2016-09-04,5222,105
2016-09-05,5191,104
2016-09-06,5228,105
2016-09-07,5236,101
2016-09-08,5246,101
2016-09-09,5287,104
2016-09-10,5227,103
2016-09-11,5229,102
2016-09-12,5305,105
2016-09-13,5271,105
2016-09-14,5288,102
2016-09-15,5265,105
2016-09-16,5289,104
2016-09-17,5330,101
2016-09-18,5334,104
2016-09-19,5351,103
2016-09-20,5359,105
2016-09-21,5279,105
2016-09-22,5287,101
2016-09-23,5326,102
2016-09-24,5329,105
2016-09-25,5370,105
2016-09-26,5325,105
2016-09-27,5344,103
2016-09-28,5342,101
2016-09-29,5385,101
2016-09-30,5397,102
2016-10-01,5338,103
2016-10-02,5353,101
2016-10-03,5419,105
2016-10-04,5335,101
2016-10-05,5345,105
2016-10-06,5393,105
2016-10-07,5400,105
2016-10-08,5363,101
2016-10-09,5425,103
2016-10-10,5413,102
2016-10-11,5388,104
2016-10-12,5468,102
2016-10-13,5424,101
2016-10-14,5421,105
2016-10-15,5469,104
2016-10-16,5471,101
2016-10-17,5444,102
2016-10-18,5426,103
2016-10-19,5495,105
2016-10-20,5487,102
2016-10-21,5439,101
2016-10-22,5455,104
2016-10-23,5499,103
2016-10-24,5519,105
2016-10-25,5483,105
2016-10-26,5490,103
2016-10-27,5513,103
2016-10-28,5488,105
2016-10-29,5517,101
2016-10-30,5547,103
2016-10-31,5554,103
2016-11-01,5551,105
2016-11-02,5536,105
2016-11-03,5496,102
2016-11-04,5512,103
2016-11-05,5524,104
2016-11-06,5542,105
2016-11-07,5565,102
2016-11-08,5601,103
2016-11-09,5544,103
2016-11-10,5592,103
2016-11-11,5571,102
2016-11-12,5576,105
2016-11-13,5577,102
2016-11-14,5581,102
2016-11-15,5594,102
2016-11-16,5622,103
2016-11-17,5607,103
2016-11-18,5617,104
2016-11-19,5657,102
2016-11-20,5639,101
2016-11-21,5586,104
2016-11-22,5580,103
2016-11-23,5617,105
2016-11-24,5673,105
2016-11-25,5657,105
2016-11-26,5657,101
2016-11-27,5654,102
2016-11-28,5692,104
2016-11-29,5671,105
2016-11-30,5677,104
2016-12-01,5679,103
2016-12-02,5640,104
2016-12-03,5734,104
2016-12-04,5686,105
2016-12-05,5662,104
2016-12-06,5731,103
2016-12-07,5731,102
2016-12-08,5705,105
2016-12-09,5716,105
2016-12-10,5709,104
2016-12-11,5745,103
2016-12-12,5749,104
2016-12-13,5687,105
2016-12-14,5783,103
2016-12-15,5734,104
2016-12-16,5743,101
2016-12-17,5798,103
2016-12-18,5753,101
2016-12-19,5768,105
2016-12-20,5781,104
2016-12-21,5767,104
2016-12-22,5824,101
2016-12-23,5793,104
2016-12-24,5825,105
2016-12-25,5825,102
2016-12-26,5815,105
2016-12-27,5778,104
2016-12-28,5827,101
2016-12-29,5787,101
2016-12-30,5805,102
2016-12-31,5812,101
2017-01-01,5796,105
2017-01-02,5859,105
2017-01-03,5849,102
2017-01-04,5826,101
2017-01-05,5850,102
2017-01-06,5861,102
2017-01-07,5881,102
2017-01-08,5837,101
2017-01-09,5868,103
2017-01-10,5825,102
2017-01-11,5865,101
2017-01-12,5927,105
2017-01-13,5903,104
2017-01-14,5882,104
2017-01-15,5875,103
2017-01-16,5933,101
2017-01-17,5921,101
2017-01-18,5900,102
2017-01-19,5938,101
2017-01-20,5893,101
2017-01-21,5948,101
2017-01-22,5959,105
2017-01-23,5949,102
2017-01-24,5962,104
2017-01-25,5930,103
2017-01-26,5913,105
2017-01-27,5980,101
2017-01-28,5922,104
2017-01-29,5950,105
2017-01-30,5965,103
2017-01-31,5964,102
2017-02-01,6017,102
2017-02-02,6021,105
2017-02-03,6036,104
2017-02-04,6002,105
2017-02-05,6032,103
2017-02-06,5999,103
2017-02-07,6049,104
2017-02-08,6032,105
2017-02-09,5981,105
2017-02-10,6005,104
2017-02-11,6035,103
2017-02-12,6066,105
2017-02-13,6069,101
2017-02-14,6054,102
2017-02-15,6099,103
2017-02-16,6014,105
2017-02-17,6061,103
2017-02-18,6056,103
2017-02-19,6081,101
2017-02-20,6121,103
2017-02-21,6080,105
2017-02-22,6097,102
2017-02-23,6137,102
2017-02-24,6075,103
2017-02-25,6081,103
2017-02-26,6085,102
2017-02-27,6119,104
2017-02-28,6159,105
2017-03-01,6166,101
2017-03-02,6080,102
2017-03-03,6131,103
2017-03-04,6141,105
2017-03-05,6132,102
2017-03-06,6109,104
2017-03-07,6173,103
2017-03-08,6114,103
2017-03-09,6137,101
2017-03-10,6152,102
2017-03-11,6206,104
2017-03-12,6228,103
2017-03-13,6144,104
2017-03-14,6191,104
2017-03-15,6234,101
2017-03-16,6232,101
2017-03-17,6166,103
2017-03-18,6209,103
2017-03-19,6192,104
2017-03-20,6255,101
2017-03-21,6215,101
2017-03-22,6228,101
2017-03-23,6230,104
2017-03-24,6231,102
2017-03-25,6195,104
2017-03-26,6210,105
2017-03-27,6258,105
2017-03-28,6282,104
2017-03-29,6244,105
2017-03-30,6279,104
2017-03-31,6277,101
2017-04-01,6233,103
2017-04-02,6278,102
2017-04-03,6318,102
2017-04-04,6245,101
2017-04-05,6325,104
2017-04-06,6344,102
2017-04-07,6352,105
2017-04-08,6284,103
2017-04-09,6322,103
2017-04-10,6313,104
2017-04-11,6290,104
2017-04-12,6360,103
2017-04-13,6350,103
2017-04-14,6356,101
2017-04-15,6314,101
2017-04-16,6384,105
2017-04-17,6328,102
2017-04-18,6352,102
2017-04-19,6329,104
2017-04-20,6386,103
2017-04-21,6360,101
2017-04-22,6367,104
2017-04-23,6421,105
2017-04-24,6406,104
2017-04-25,6427,103
2017-04-26,6393,104
2017-04-27,6426,103
2017-04-28,6416,104
2017-04-29,6414,104
2017-04-30,6402,103
2017-05-01,6435,103
2017-05-02,6422,104
2017-05-03,6392,102
2017-05-04,6416,104
2017-05-05,6423,103
2017-05-06,6470,103
2017-05-07,6449,105
2017-05-08,6489,105
2017-05-09,6456,104
2017-05-10,6488,103
2017-05-11,6503,101
2017-05-12,6479,103
2017-05-13,6504,105
2017-05-14,6452,104
2017-05-15,6528,104
2017-05-16,6513,101
2017-05-17,6504,104
2017-05-18,6543,101
2017-05-19,6494,101
2017-05-20,6542,105
2017-05-21,6508,103
2017-05-22,6505,102
2017-05-23,6564,104
2017-05-24,6528,101
2017-05-25,6516,102
2017-05-26,6559,103
2017-05-27,6573,103
2017-05-28,6610,103
2017-05-29,6609,105
2017-05-30,6600,104
2017-05-31,6578,103
2017-06-01,6625,103
2017-06-02,6605,102
2017-06-03,6605,101
2017-06-04,6603,103
2017-06-05,6610,104
2017-06-06,6580,104
2017-06-07,6625,102
2017-06-08,6578,104
2017-06-09,6640,105
2017-06-10,6588,101
2017-06-11,6631,103
2017-06-12,6648,105
2017-06-13,6678,101
2017-06-14,6615,102
2017-06-15,6622,101
2017-06-16,6614,102
2017-06-17,6691,101
2017-06-18,6682,103
2017-06-19,6687,102
2017-06-20,6682,102
2017-06-21,6661,105
2017-06-22,6694,102
2017-06-23,6652,103
2017-06-24,6729,104
2017-06-25,6754,104
2017-06-26,6707,103
2017-06-27,6723,103
2017-06-28,6729,104
2017-06-29,6752,105
2017-06-30,6763,104
2017-07-01,6765,103
2017-07-02,6748,101
2017-07-03,6779,101
2017-07-04,6701,103
2017-07-05,6716,104
2017-07-06,6732,103
2017-07-07,6738,101
2017-07-08,6762,102
2017-07-09,6765,105
2017-07-10,6741,101
2017-07-11,6735,103
2017-07-12,6790,105
2017-07-13,6757,104
2017-07-14,6762,104
2017-07-15,6833,102
2017-07-16,6841,103
2017-07-17,6829,104
2017-07-18,6804,105
2017-07-19,6812,101
2017-07-20,6813,103
2017-07-21,6796,103
2017-07-22,6880,102
2017-07-23,6804,104
2017-07-24,6892,104
2017-07-25,6880,101
2017-07-26,6872,102
2017-07-27,6856,104
2017-07-28,6872,105
2017-07-29,6917,101
2017-07-30,6917,104
2017-07-31,6835,104
2017-08-01,6936,103
2017-08-02,6904,104
2017-08-03,6933,103
2017-08-04,6938,104
2017-08-05,6907,104
2017-08-06,6952,102
2017-08-07,6952,105
2017-08-08,6907,104
2017-08-09,6927,102
2017-08-10,6967,105
2017-08-11,6981,105
2017-08-12,6940,105
2017-08-13,6959,105
2017-08-14,6953,101
2017-08-15,6997,105
2017-08-16,6944,101
2017-08-17,7016,103
2017-08-18,7011,103
2017-08-19,6989,102
2017-08-20,7013,103
2017-08-21,6948,104
2017-08-22,7041,103
2017-08-23,6984,105
2017-08-24,6966,103
2017-08-25,7034,105
2017-08-26,7043,102
2017-08-27,6995,101
2017-08-28,7070,103
2017-08-29,7063,101
2017-08-30,7044,103
2017-08-31,7046,103
2017-09-01,7092,101
2017-09-02,7016,105
2017-09-03,7028,102
2017-09-04,7083,105
2017-09-05,7100,103
2017-09-06,7106,102
2017-09-07,7105,104
2017-09-08,7045,101
2017-09-09,7068,104
2017-09-10,7102,101
2017-09-11,7064,102
2017-09-12,7144,104
2017-09-13,7143,105
2017-09-14,7066,104
2017-09-15,7140,101
2017-09-16,7153,103
2017-09-17,7151,102
2017-09-18,7168,103
2017-09-19,7183,105
2017-09-20,7116,104
2017-09-21,7157,103
2017-09-22,7167,105
2017-09-23,7126,102
2017-09-24,7133,102
2017-09-25,7144,101
2017-09-26,7140,102
2017-09-27,7130,103
2017-09-28,7169,102
2017-09-29,7214,103
2017-09-30,7202,105
2017-10-01,7154,105
2017-10-02,7206,103
2017-10-03,7193,104
2017-10-04,7228,104
2017-10-05,7236,104
2017-10-06,7173,102
2017-10-07,7259,102
2017-10-08,7198,103
2017-10-09,7258,104
2017-10-10,7264,105
2017-10-11,7225,105
2017-10-12,7274,104
2017-10-13,7279,105
2017-10-14,7303,103
2017-10-15,7303,105
2017-10-16,7290,105
2017-10-17,7270,104
2017-10-18,7310,105
2017-10-19,7262,101
2017-10-20,7299,103
2017-10-21,7271,101
2017-10-22,7327,103
2017-10-23,7314,104
2017-10-24,7300,104
2017-10-25,7341,105
2017-10-26,7305,102
2017-10-27,7341,101
2017-10-28,7348,103
2017-10-29,7384,102
2017-10-30,7345,104
2017-10-31,7357,102
2017-11-01,7337,101
2017-11-02,7336,103
2017-11-03,7328,102
2017-11-04,7341,104
2017-11-05,7369,103
2017-11-06,7346,101
2017-11-07,7421,103
2017-11-08,7355,103
2017-11-09,7429,101
2017-11-10,7368,103
2017-11-11,7430,104
2017-11-12,7405,101
2017-11-13,7406,101
2017-11-14,7367,105
2017-11-15,7388,104
2017-11-16,7471,104
2017-11-17,7405,102
2017-11-18,7439,101
2017-11-19,7456,105
2017-11-20,7465,101
2017-11-21,7444,102
2017-11-22,7455,105
2017-11-23,7466,102
2017-11-24,7485,103
2017-11-25,7463,104
2017-11-26,7437,105
2017-11-27,7503,102
2017-11-28,7492,102
2017-11-29,7483,101
2017-11-30,7487,105
2017-12-01,7541,103
2017-12-02,7475,103
2017-12-03,7532,104
2017-12-04,7546,105
2017-12-05,7511,102
2017-12-06,7541,103
2017-12-07,7514,101
2017-12-08,7514,104
2017-12-09,7556,102
2017-12-10,7548,105
2017-12-11,7554,101
2017-12-12,7528,105
2017-12-13,7571,102
2017-12-14,7523,105
2017-12-15,7570,103
2017-12-16,7604,105
2017-12-17,7586,102
2017-12-18,7570,101
2017-12-19,7571,104
2017-12-20,7600,104
2017-12-21,7586,104
2017-12-22,7616,102
2017-12-23,7582,104
2017-12-24,7595,101
2017-12-25,7655,103
2017-12-26,7648,101
2017-12-27,7602,105
2017-12-28,7627,102
2017-12-29,7618,105
2017-12-30,7595,104
2017-12-31,7689,102
2018-01-01,7640,103
2018-01-02,7700,101
2018-01-03,7676,103
2018-01-04,7670,103
2018-01-05,7638,101
2018-01-06,7643,101
2018-01-07,7721,103
2018-01-08,7716,102
2018-01-09,7652,102
2018-01-10,7733,101
2018-01-11,7732,103
2018-01-12,7722,104
2018-01-13,7678,103
2018-01-14,7688,103
2018-01-15,7762,104
2018-01-16,7746,103
2018-01-17,7749,104
2018-01-18,7774,104
2018-01-19,7725,103
2018-01-20,7791,101
2018-01-21,7747,102
2018-01-22,7790,105
2018-01-23,7718,103
2018-01-24,7798,101
2018-01-25,7795,102
2018-01-26,7815,104
2018-01-27,7788,104
2018-01-28,7767,103
2018-01-29,7811,105
2018-01-30,7846,104
2018-01-31,7764,105
2018-02-01,7856,104
2018-02-02,7808,105
2018-02-03,7869,101
2018-02-04,7779,104
2018-02-05,7833,102
2018-02-06,7816,101
2018-02-07,7817,101
2018-02-08,7817,104
2018-02-09,7826,103
2018-02-10,7852,104
2018-02-11,7905,103
2018-02-12,7868,104
2018-02-13,7840,104
2018-02-14,7828,105
2018-02-15,7865,105
2018-02-16,7896,103
2018-02-17,7903,104
2018-02-18,7928,103
2018-02-19,7884,102
2018-02-20,7897,102
2018-02-21,7904,105
2018-02-22,7915,101
2018-02-23,7941,104
2018-02-24,7888,102
2018-02-25,7896,105
2018-02-26,7948,102
2018-02-27,7936,102
2018-02-28,7988,103
2018-03-01,7957,105
2018-03-02,7955,104
2018-03-03,7980,103
2018-03-04,7942,101
2018-03-05,7968,101
2018-03-06,7930,101
2018-03-07,7939,102
2018-03-08,8014,105
2018-03-09,8007,105
2018-03-10,7962,104
2018-03-11,8026,104
2018-03-12,8006,105
2018-03-13,7996,103
2018-03-14,7975,103
2018-03-15,8054,105
2018-03-16,8000,105
2018-03-17,8007,103
2018-03-18,8012,103
2018-03-19,8027,101
2018-03-20,8083,102
2018-03-21,8061,101
2018-03-22,8007,103
2018-03-23,8064,105
2018-03-24,8030,105
2018-03-25,8061,101
2018-03-26,8085,102
2018-03-27,8036,105
2018-03-28,8041,101
2018-03-29,8097,101
2018-03-30,8064,104
2018-03-31,8129,103
2018-04-01,8074,105
2018-04-02,8081,102
2018-04-03,8137,102
2018-04-04,8140,101
2018-04-05,8150,102
2018-04-06,8173,103
2018-04-07,8124,105
2018-04-08,8143,103
2018-04-09,8153,102
2018-04-10,8148,101
2018-04-11,8166,105
2018-04-12,8133,101
2018-04-13,8139,104
2018-04-14,8157,101
2018-04-15,8144,104
2018-04-16,8213,104
2018-04-17,8176,103
2018-04-18,8170,102
2018-04-19,8160,103
2018-04-20,8173,105
2018-04-21,8226,105
2018-04-22,8229,104
2018-04-23,8218,105
2018-04-24,8191,105
2018-04-25,8192,105
2018-04-26,8221,105
2018-04-27,8204,104
2018-04-28,8205,104
2018-04-29,8218,103
2018-04-30,8295,104
2018-05-01,8234,105
2018-05-02,8297,103
2018-05-03,8259,101
2018-05-04,8249,101
2018-05-05,8256,101
2018-05-06,8292,105
2018-05-07,8294,103
2018-05-08,8289,103
2018-05-09,8331,105
2018-05-10,8300,105
2018-05-11,8291,105
2018-05-12,8322,103
2018-05-13,8344,103
2018-05-14,8270,105
2018-05-15,8363,103
2018-05-16,8292,103
2018-05-17,8373,102
2018-05-18,8317,103
2018-05-19,8369,104
2018-05-20,8336,105
2018-05-21,8375,105
2018-05-22,8363,105
2018-05-23,8348,103
2018-05-24,8414,101
2018-05-25,8415,105
2018-05-26,8379,103
2018-05-27,8393,103
2018-05-28,8360,103
2018-05-29,8410,103
2018-05-30,8361,103
2018-05-31,8444,102
2018-06-01,8372,105
2018-06-02,8419,105
2018-06-03,8465,105
2018-06-04,8416,103
2018-06-05,8469,104
2018-06-06,8414,105
2018-06-07,8409,101
2018-06-08,8408,103
2018-06-09,8437,103
2018-06-10,8443,104
2018-06-11,8491,103
2018-06-12,8437,101
2018-06-13,8424,101
2018-06-14,8461,105
2018-06-15,8477,103
2018-06-16,8479,103
2018-06-17,8481,102
2018-06-18,8480,104
2018-06-19,8517,101
2018-06-20,8489,101
2018-06-21,8547,101
2018-06-22,8540,101
2018-06-23,8538,105
2018-06-24,8570,103
2018-06-25,8497,104
2018-06-26,8533,103
2018-06-27,8549,104
2018-06-28,8525,104
2018-06-29,8578,105
2018-06-30,8509,102
2018-07-01,8550,103
2018-07-02,8563,103
2018-07-03,8522,105
2018-07-04,8612,105
2018-07-05,8569,102
2018-07-06,8577,105
2018-07-07,8561,102
2018-07-08,8606,101
2018-07-09,8562,101
2018-07-10,8654,104
2018-07-11,8643,105
2018-07-12,8571,102
2018-07-13,8584,104
2018-07-14,8674,104
2018-07-15,8670,102
2018-07-16,8640,103
2018-07-17,8607,103
2018-07-18,8608,105
2018-07-19,8622,102
2018-07-20,8679,103
2018-07-21,8705,105
2018-07-22,8690,104
2018-07-23,8657,104
2018-07-24,8667,105
2018-07-25,8676,104
2018-07-26,8715,101
2018-07-27,8654,105
2018-07-28,8682,101
2018-07-29,8654,101
2018-07-30,8656,101
2018-07-31,8745,105
2018-08-01,8675,104
2018-08-02,8743,103
2018-08-03,8727,105
2018-08-04,8720,101
2018-08-05,8729,103
2018-08-06,8770,103
2018-08-07,8747,102
2018-08-08,8754,105
2018-08-09,8762,102
2018-08-10,8725,105
2018-08-11,8775,105
2018-08-12,8796,103
2018-08-13,8799,102
2018-08-14,8826,104
2018-08-15,8794,103
2018-08-16,8814,102
2018-08-17,8826,104
2018-08-18,8839,101
2018-08-19,8818,103
2018-08-20,8838,105
2018-08-21,8775,104
2018-08-22,8832,104
2018-08-23,8869,104
2018-08-24,8792,101
2018-08-25,8814,103
2018-08-26,8830,104
2018-08-27,8835,102
2018-08-28,8885,105
2018-08-29,8896,105
2018-08-30,8824,102
2018-08-31,8857,101
2018-09-01,8910,101
2018-09-02,8839,103
2018-09-03,8855,103
2018-09-04,8910,102
2018-09-05,8938,103
2018-09-06,8915,104
2018-09-07,8851,101
2018-09-08,8926,105
2018-09-09,8888,103
2018-09-10,8955,102
2018-09-11,8889,103
2018-09-12,8888,103
2018-09-13,8886,103
2018-09-14,8935,101
2018-09-15,8938,104
2018-09-16,8906,101
2018-09-17,8917,103
2018-09-18,8969,101
2018-09-19,8987,104
2018-09-20,9011,101
2018-09-21,8982,102
2018-09-22,8950,105
2018-09-23,8936,103
2018-09-24,9029,105
2018-09-25,9003,101
2018-09-26,8996,104
2018-09-27,8960,103
2018-09-28,8967,103
2018-09-29,8988,104
2018-09-30,9049,105
2018-10-01,9048,103
2018-10-02,8977,101
2018-10-03,9031,104
2018-10-04,8996,104
2018-10-05,9040,102
2018-10-06,9065,104
2018-10-07,9055,105
2018-10-08,9020,104
2018-10-09,9041,102
2018-10-10,9036,104
2018-10-11,9107,102
2018-10-12,9072,105
2018-10-13,9035,105
2018-10-14,9116,105
2018-10-15,9056,105
2018-10-16,9057,105
2018-10-17,9055,101
2018-10-18,9140,102
2018-10-19,9117,102
2018-10-20,9089,103
2018-10-21,9126,103
2018-10-22,9106,105
2018-10-23,9139,103
2018-10-24,9182,103
2018-10-25,9093,104
2018-10-26,9176,101
2018-10-27,9106,105
2018-10-28,9194,101
2018-10-29,9203,101
2018-10-30,9213,103
2018-10-31,9159,101
2018-11-01,9138,103
2018-11-02,9138,103
2018-11-03,9226,105
2018-11-04,9175,103
2018-11-05,9158,103
2018-11-06,9209,103
2018-11-07,9169,102
2018-11-08,9192,103
2018-11-09,9210,104
2018-11-10,9186,105
2018-11-11,9176,101
2018-11-12,9238,104
2018-11-13,9218,101
2018-11-14,9233,105
2018-11-15,9272,104
2018-11-16,9267,102
2018-11-17,9212,102
2018-11-18,9291,105
2018-11-19,9268,105
2018-11-20,9239,105
2018-11-21,9236,104
2018-11-22,9302,104
2018-11-23,9321,104
2018-11-24,9248,105
2018-11-25,9281,101
2018-11-26,9261,105
2018-11-27,9312,104
2018-11-28,9321,103
2018-11-29,9344,102
2018-11-30,9343,104
2018-12-01,9358,101
2018-12-02,9334,104
2018-12-03,9320,101
2018-12-04,9386,103
2018-12-05,9329,104
2018-12-06,9304,103
2018-12-07,9364,105
2018-12-08,9380,102
2018-12-09,9388,104
2018-12-10,9370,105
2018-12-11,9417,103
2018-12-12,9371,104
2018-12-13,9429,103
2018-12-14,9342,104
2018-12-15,9421,103
2018-12-16,9421,105
2018-12-17,9392,102
2018-12-18,9454,102
2018-12-19,9446,104
2018-12-20,9390,103
2018-12-21,9446,102
2018-12-22,9448,102
2018-12-23,9387,102
2018-12-24,9454,105
2018-12-25,9477,101
2018-12-26,9430,102
2018-12-27,9456,104
2018-12-28,9439,103
2018-12-29,9423,104
2018-12-30,9481,104
